{
    "face_model": {
        "mean": 0.013176464415155352,
        "median": 0.012186232954263687,
        "std_dev": 0.0025644091034118196,
        "min": 0.010962865781039,
        "max": 0.02271903119981289,
        "samples": 100
    },
    "arm_model": {
        "mean": 0.04661155838053674,
        "median": 0.04137411690317094,
        "std_dev": 0.014570462109910615,
        "min": 0.0324962493032217,
        "max": 0.10570058599114418,
        "samples": 100
    },
    "speech_model": {
        "mean": 0.3824751412682235,
        "median": 0.38516807137057185,
        "std_dev": 0.05717910129873724,
        "min": 0.2791633470915258,
        "max": 0.6620480567216873,
        "samples": 100
    }
}